{
    "display": {
        "icon": {
            "item": "minecraft:snowball",
            "nbt": {
                "CustomModelData": 1
            }
        },
        "title": {
            "text": "Bola de Fogo!"
        },
        "description": [
            {
                "text": "Obtenha uma "
            },
            {
                "text": "FireBall",
                "color": "gold"
            },
            {
                "text": "."
            }
        ]
    },
    "criteria": {
        "fireball":    
        {
            "trigger": "minecraft:inventory_changed",
            "conditions": {
                "items": [
                    {
                        "nbt": "{\"Item\":{\"tag\":{\"rpg\":\"fireball\"}}}"
                    }
                ]
            }
        }
    },
    "rewards": {
        "experience": 300
    }
}